amount,is_fraud,location,device_type,merchant_category,transaction_frequency,num_transactions_24hrs,num_transactions_48hrs,time_since_last_transaction
440.67,0,34,0,1,1,0,6,49
3842.08,0,43,0,4,2,5,9,50
5751.29,0,24,0,1,1,4,8,57
106.71,0,54,0,2,2,1,5,44
3718.79,0,3,0,1,2,2,6,34
7745.02,0,21,0,0,1,3,11,39
6107.68,0,44,0,0,3,4,10,69
5027.32,0,21,0,4,1,0,9,38
82.43,0,50,0,3,1,0,1,23
1192.7,0,71,0,5,1,0,10,76
1493.67,0,67,0,0,1,3,6,19
1238.3,0,48,0,1,3,4,13,68
2169.28,0,35,0,0,1,3,5,20
1187.68,0,11,0,1,3,2,4,20
6452.15,0,32,0,4,2,3,12,86
7284.24,0,60,0,3,2,2,10,33
7801.99,1,37,0,2,2,19,28,0
5601.87,0,64,0,0,1,1,8,86
6357.45,0,64,0,3,1,4,9,98
1270.35,0,71,0,5,1,2,3,29
2557.22,0,24,0,5,2,1,10,94
648.15,0,11,0,0,3,5,15,78
9742.11,0,11,0,4,3,1,5,49
8444.65,0,60,0,0,2,1,1,11
7998.87,0,44,0,1,2,0,4,97
5593.56,0,3,0,2,1,2,4,60
3875.53,0,43,0,0,1,3,12,17
371.53,0,2,0,4,1,2,5,30
7038.76,0,53,0,2,1,3,12,68
1047.0,0,2,0,1,2,1,9,16
1355.52,0,46,0,1,2,3,4,26
923.32,0,50,0,3,3,5,11,82
6271.78,0,71,0,0,1,2,11,42
2155.45,0,60,0,5,1,1,8,66
2855.26,0,53,0,2,1,2,5,28
4652.57,1,25,1,2,10,8,11,10
8051.62,0,63,0,0,3,1,11,88
2097.57,0,41,0,5,3,4,11,58
7934.72,0,68,0,4,2,3,12,98
4444.51,0,60,0,4,2,5,15,23
9902.91,0,68,0,4,3,4,14,91
6574.41,0,50,0,1,3,3,9,49
3482.87,0,54,0,3,3,3,7,60
919.8,0,34,0,3,1,4,10,70
6322.1,0,60,0,1,1,1,11,85
5792.72,1,52,1,5,7,7,16,9
920.93,0,50,0,0,3,4,5,23
5496.76,0,41,0,3,2,4,14,58
531.0,0,64,0,3,3,3,3,83
1795.01,0,35,0,3,2,4,6,28
3814.85,0,2,0,0,2,4,14,75
4922.25,0,68,0,3,2,1,9,31
9743.28,0,24,0,5,1,1,2,81
2130.83,0,63,0,3,2,3,4,18
1812.84,0,60,0,2,2,2,4,44
7420.81,0,53,0,3,1,1,5,46
5223.3,0,48,0,4,1,4,11,27
4538.79,0,64,0,1,1,2,9,42
6731.8,0,64,0,5,2,2,6,94
1572.45,0,3,0,4,1,5,12,89
3783.11,0,3,0,4,1,1,3,61
8592.83,0,35,0,3,1,5,10,95
6157.25,0,34,0,0,2,4,10,85
9379.96,0,2,0,0,2,5,10,42
2316.51,0,50,0,2,2,5,13,71
4992.28,0,63,0,0,2,0,1,16
9294.82,0,41,0,2,2,0,0,66
6897.17,0,53,0,0,1,0,4,37
95.58,0,64,0,4,2,0,5,35
8369.38,0,60,0,4,2,1,6,43
3425.88,0,3,0,2,3,1,4,99
6931.87,0,2,0,1,1,5,12,96
2923.04,0,68,0,1,2,2,11,72
2774.66,0,34,0,3,2,0,2,65
5426.92,0,34,0,1,2,4,4,53
9896.13,0,48,0,4,2,5,11,35
3758.84,0,23,0,5,1,1,1,29
4422.45,0,44,0,1,1,5,7,15
5479.59,0,35,0,2,2,0,8,31
9965.61,0,4,0,3,1,0,5,57
7584.49,0,68,0,3,1,5,8,69
6257.81,0,4,0,0,3,0,0,43
2690.05,0,23,0,0,2,2,11,94
3994.48,0,11,0,0,3,4,14,99
6503.58,0,46,0,0,3,3,10,55
9967.63,0,44,0,2,3,1,4,95
37.16,0,34,0,1,1,1,5,97
1488.18,0,11,0,1,2,5,13,66
2810.8,0,23,0,3,1,3,12,63
2732.73,0,41,0,0,3,5,6,80
6238.85,0,11,0,2,3,5,12,62
7863.4,0,41,0,1,1,1,9,94
564.15,0,4,0,5,1,4,8,23
3118.19,0,63,0,0,1,5,9,21
9000.66,0,11,0,4,1,3,13,49
2146.23,0,34,0,4,1,2,9,36
143.23,0,64,0,0,2,1,7,87
320.85,0,3,0,4,2,1,5,55
26.09,0,12,0,5,3,0,4,80
5268.34,0,50,0,5,2,4,13,23
9156.66,0,23,0,0,3,2,5,77
9141.96,0,4,0,2,3,3,6,82
4722.55,0,42,0,5,1,5,13,35
2504.31,0,12,0,5,2,0,2,69
5653.66,0,71,0,4,2,3,3,68
2525.3,0,53,0,1,1,3,4,35
8422.76,0,32,0,1,1,3,5,18
3667.42,0,43,0,4,2,0,3,59
6252.74,0,53,0,2,3,0,8,23
1347.2,0,68,0,1,2,4,11,71
939.49,0,44,0,1,3,2,10,15
4126.67,1,56,1,0,10,6,9,3
3217.63,0,67,0,0,3,0,7,68
4445.03,1,39,1,5,3,17,22,10
5910.45,0,50,0,2,3,0,2,45
1379.42,0,4,0,1,3,1,3,12
8471.27,0,34,0,5,1,4,10,17
5528.64,1,49,0,0,2,13,20,4
2248.31,0,54,0,5,2,0,3,24
676.87,0,12,0,5,1,0,3,81
7297.7,0,53,0,1,3,0,9,47
3177.08,1,65,0,2,5,8,15,6
4331.82,0,53,0,0,1,0,1,66
4553.46,0,68,0,3,1,4,11,79
167.92,0,42,0,3,2,1,4,19
3718.48,0,24,0,3,3,5,12,75
2287.03,0,50,0,3,2,2,3,44
4972.1,0,11,0,2,2,0,1,77
8499.42,0,41,0,4,2,4,12,31
8780.24,0,67,0,4,2,4,6,95
5788.68,0,35,0,1,1,4,4,97
6369.21,0,50,0,1,1,1,9,14
8607.8,0,4,0,1,1,5,8,89
2278.52,1,1,1,3,6,17,25,7
9734.55,0,21,0,4,3,5,15,61
5452.42,0,50,0,3,2,2,4,81
9238.97,0,21,0,2,3,1,8,78
9027.73,0,53,0,5,2,0,8,24
9286.8,0,11,0,0,3,3,5,69
9612.26,0,67,0,5,2,5,11,100
384.55,0,50,0,3,2,5,12,39
9508.88,0,54,0,1,1,4,6,55
2193.09,0,22,0,3,2,0,4,61
2143.68,0,2,0,4,1,0,10,28
9241.02,0,66,0,4,1,5,11,66
218.67,0,35,0,4,2,4,10,47
2263.39,0,24,0,1,1,3,5,63
4227.16,0,64,0,3,2,2,7,42
3696.96,1,69,0,5,8,16,17,3
6461.77,0,32,0,0,3,4,6,31
5182.53,0,22,0,0,3,0,5,43
7479.35,0,41,0,3,3,2,5,45
1235.06,0,21,0,0,2,4,4,13
5529.98,0,44,0,3,1,2,4,44
4173.14,0,41,0,1,3,4,6,17
4446.56,0,63,0,3,2,3,13,84
4326.67,0,35,0,4,1,3,3,10
2896.56,0,35,0,0,2,4,4,16
2123.23,0,34,0,1,3,3,4,36
7461.8,0,22,0,5,3,1,11,20
1148.05,0,71,0,1,2,5,13,51
614.59,0,22,0,1,1,2,10,16
9854.97,0,22,0,2,1,4,8,50
3758.85,0,63,0,1,3,4,14,59
8565.95,0,67,0,0,2,2,6,29
578.24,0,21,0,0,1,2,4,45
8669.95,0,48,0,2,1,5,8,34
6302.18,0,43,0,2,2,5,10,91
1343.12,1,10,1,1,7,18,26,3
232.09,0,4,0,0,1,0,5,86
4143.92,1,40,0,0,6,8,18,5
3800.15,0,23,0,4,2,2,12,28
9453.51,0,54,0,5,3,0,0,90
735.25,0,32,0,4,3,2,6,89
7183.78,0,4,0,3,3,0,8,91
7317.52,0,54,0,2,3,2,10,79
4611.2,0,44,0,4,3,4,9,29
2111.83,0,11,0,4,2,4,5,51
2530.22,0,32,0,2,3,0,3,43
5029.53,0,63,0,2,3,1,8,65
1301.34,0,12,0,5,3,2,8,16
9034.98,0,21,0,5,3,0,1,56
2896.69,0,68,0,0,1,0,5,88
7944.51,0,23,0,3,3,1,8,11
7310.47,0,2,0,0,1,2,9,13
915.76,0,43,0,1,3,4,4,48
988.02,0,63,0,4,1,1,11,79
2862.47,0,48,0,0,3,1,3,38
2275.13,0,2,0,0,1,4,5,13
6545.92,0,67,0,4,3,1,5,95
3504.57,0,32,0,3,2,4,6,57
8244.21,0,50,0,4,2,3,11,72
676.68,0,3,0,4,1,1,8,46
1155.12,0,71,0,1,3,3,6,43
3356.44,0,71,0,5,1,0,2,90
5881.54,1,8,1,2,5,17,19,5
2285.24,0,34,0,1,3,3,4,49
4471.75,0,35,0,2,2,1,10,66
7755.12,0,68,0,1,3,5,13,48
8947.17,0,63,0,0,3,2,12,21
6454.83,0,12,0,1,1,1,11,58
8531.95,0,21,0,2,1,4,8,95
898.96,0,66,0,1,2,2,11,70
1872.4,0,12,0,2,1,4,14,95
1765.08,0,63,0,4,1,5,11,93
9566.41,0,41,0,1,2,3,8,48
2511.25,0,54,0,4,3,2,8,93
4777.56,0,2,0,0,2,5,11,58
1074.98,0,67,0,3,2,5,6,48
4482.53,0,50,0,1,3,5,8,79
8895.02,0,21,0,5,2,1,4,55
4233.65,1,5,0,2,2,6,12,1
2674.97,0,53,0,1,1,0,3,35
8528.82,0,42,0,2,3,0,10,91
3176.28,0,42,0,3,2,2,5,97
3533.1,0,54,0,3,2,2,12,74
5446.56,0,63,0,0,3,0,6,88
6262.93,0,3,0,1,1,1,1,17
7747.75,0,43,0,4,1,4,8,39
4992.13,0,44,0,1,3,0,3,70
2034.4,0,3,0,2,2,0,4,46
8057.98,0,46,0,0,1,0,8,68
3188.09,0,63,0,0,3,2,2,48
5702.06,0,53,0,5,1,1,3,22
2409.67,0,3,0,2,2,0,9,82
9705.36,1,59,1,0,7,11,13,5
8720.97,0,43,0,2,3,2,12,59
7610.43,0,32,0,0,3,0,0,88
1624.09,0,66,0,1,2,3,8,13
3975.48,0,34,0,0,2,1,9,44
7108.5,0,48,0,2,2,4,6,11
2621.36,0,60,0,3,1,4,7,44
5892.23,0,32,0,2,3,0,9,24
1569.22,0,63,0,3,3,3,11,95
1048.67,0,2,0,4,2,2,7,89
2743.57,0,34,0,5,1,0,2,67
8954.46,0,50,0,0,1,1,7,17
2823.82,0,71,0,3,1,0,6,69
6329.38,0,67,0,0,2,3,8,54
6766.59,0,35,0,5,1,4,10,19
919.44,0,66,0,5,2,3,4,69
4551.61,0,24,0,3,3,3,12,97
6114.19,0,68,0,2,1,0,5,54
6681.32,0,64,0,4,2,2,6,43
3441.94,0,2,0,2,2,0,4,42
5284.84,1,55,1,4,7,18,28,3
1988.88,0,12,0,3,1,2,12,93
8412.75,0,48,0,0,1,3,9,91
6754.36,0,64,0,0,1,5,14,66
4879.34,0,53,0,4,2,4,10,52
7707.46,0,34,0,0,2,0,10,25
6410.42,0,41,0,4,1,1,1,16
8604.41,0,53,0,4,2,1,3,51
7145.22,0,63,0,5,1,5,10,27
4229.1,0,4,0,3,1,3,3,71
7835.31,0,48,0,2,2,2,4,69
4758.33,0,32,0,5,2,3,12,72
5175.59,0,64,0,5,3,0,4,85
2606.33,0,2,0,5,1,2,6,79
2769.46,0,43,0,1,1,2,6,29
1720.95,0,42,0,5,2,4,10,65
8747.67,0,48,0,3,2,1,6,84
5984.93,0,32,0,1,1,1,3,12
4783.65,0,34,0,3,1,5,14,81
9498.76,0,48,0,0,3,2,2,87
3868.91,0,41,0,2,3,5,7,37
5098.89,0,24,0,4,1,4,13,64
1208.73,0,42,0,1,2,0,6,28
6175.85,0,44,0,4,1,0,2,71
9064.46,1,31,0,5,9,11,21,4
4315.63,0,4,0,5,3,1,8,83
1321.69,0,67,0,5,3,1,7,100
7963.2,0,48,0,3,3,3,10,30
5421.96,0,44,0,1,2,4,8,41
3970.36,0,24,0,2,1,5,7,62
7957.43,0,23,0,0,3,5,12,78
9813.61,0,24,0,4,2,5,13,35
5432.9,0,3,0,0,2,3,6,87
3299.59,0,68,0,1,2,5,15,83
4943.33,0,11,0,5,3,3,6,97
8638.56,0,21,0,1,1,2,9,27
6574.27,0,3,0,3,2,1,11,62
3990.98,0,44,0,0,2,5,15,46
9719.16,0,11,0,0,2,2,6,25
7891.73,0,34,0,2,2,2,7,100
7621.8,0,23,0,0,1,4,4,47
1579.67,0,23,0,5,1,5,9,98
8438.67,0,23,0,2,3,3,9,32
169.33,0,44,0,3,3,5,8,17
309.61,0,66,0,4,3,3,6,31
9979.42,0,42,0,3,2,4,11,39
4944.63,0,67,0,3,2,4,9,49
9683.93,0,60,0,2,1,5,6,78
87.32,0,48,0,0,3,5,7,64
2237.46,0,46,0,0,3,0,6,81
4170.63,0,41,0,3,2,3,11,58
2625.06,0,32,0,0,1,5,10,83
7957.45,0,64,0,4,3,3,9,95
9611.08,0,35,0,1,2,2,4,72
6669.67,0,54,0,3,3,5,13,38
2077.74,0,46,0,0,3,3,3,22
755.95,0,71,0,2,1,3,8,42
6533.79,0,11,0,5,1,3,12,28
2689.29,0,43,0,3,3,3,3,57
2566.21,0,68,0,4,3,3,8,73
8866.5,0,3,0,1,3,0,0,62
3469.92,0,21,0,1,1,4,13,29
6383.49,0,43,0,3,3,3,4,59
6229.9,0,22,0,3,1,4,8,23
4210.36,0,63,0,1,3,1,6,77
4452.23,0,12,0,0,1,5,13,82
1711.44,0,68,0,1,3,4,13,12
362.94,0,11,0,1,1,1,8,73
784.45,0,42,0,5,2,4,12,88
6011.52,0,67,0,1,2,4,10,16
4698.19,0,11,0,4,2,3,8,97
6120.85,0,41,0,3,1,1,2,80
7649.24,0,50,0,1,1,1,8,45
8014.84,0,22,0,0,3,4,8,16
4332.94,0,43,0,5,1,4,12,10
4809.85,0,50,0,4,1,1,1,54
9101.29,0,24,0,3,2,5,13,85
2881.99,0,71,0,5,1,1,9,74
2059.75,0,24,0,5,1,1,1,71
6017.9,1,58,0,4,1,19,24,3
1739.29,0,3,0,1,2,5,15,25
6745.51,0,60,0,3,1,1,10,52
4311.34,0,24,0,5,3,4,5,13
5982.64,0,41,0,2,2,1,11,56
6258.87,0,46,0,3,2,1,6,11
5323.2,0,46,0,5,3,0,7,84
2325.0,0,32,0,5,2,3,7,86
5000.02,0,2,0,3,2,4,7,47
5340.6,0,44,0,3,1,5,8,25
6452.01,0,50,0,3,3,4,11,15
1428.32,0,12,0,5,3,3,4,64
5748.79,0,32,0,4,3,5,11,35
8819.57,0,60,0,2,3,5,12,68
4362.63,0,32,0,3,2,2,6,14
8819.84,0,48,0,3,2,2,5,71
598.6,0,23,0,2,3,4,5,61
8722.97,0,71,0,4,1,3,6,39
3802.43,1,7,1,1,7,15,18,10
9404.75,0,2,0,0,3,0,2,88
7594.59,0,64,0,1,3,5,10,51
842.26,0,46,0,3,3,3,7,78
3569.55,1,16,0,5,4,9,15,4
4792.25,0,66,0,0,1,5,14,55
6524.91,0,32,0,5,1,2,7,94
8315.84,0,67,0,4,1,4,14,45
2692.32,0,48,0,4,2,3,4,51
5159.91,0,35,0,1,1,2,2,31
8681.31,0,2,0,5,1,2,4,81
7637.93,0,3,0,5,3,2,10,93
3868.47,0,64,0,3,3,3,10,51
8414.92,0,66,0,5,3,0,7,64
4755.66,0,54,0,4,2,1,2,66
5857.75,0,67,0,4,3,2,4,41
3788.92,0,23,0,2,1,3,11,57
1081.37,1,26,1,1,3,10,17,3
7012.34,0,54,0,5,1,5,12,22
1560.35,0,35,0,4,1,3,12,46
2022.11,0,32,0,5,2,4,12,34
8627.88,0,43,0,3,2,3,6,79
7490.74,0,42,0,4,1,4,4,14
5326.14,0,41,0,4,3,3,11,46
8915.79,0,32,0,2,1,3,7,27
7903.18,0,23,0,1,3,0,5,29
6645.25,0,23,0,2,2,4,13,12
5328.55,0,4,0,0,2,5,12,100
4931.69,0,42,0,4,1,0,0,33
3156.66,0,2,0,4,2,5,6,87
6745.82,0,60,0,3,3,5,9,98
5232.67,0,4,0,1,1,4,6,19
31.52,0,64,0,1,2,3,6,57
6362.88,0,60,0,5,1,5,10,57
4137.33,0,35,0,3,2,1,6,14
8375.4,0,2,0,4,3,3,3,12
536.78,0,64,0,5,1,4,14,71
5165.86,0,41,0,3,1,0,0,13
9386.54,1,0,1,5,9,17,22,10
8339.31,0,53,0,2,1,4,4,87
4902.35,0,32,0,0,2,4,6,49
6272.48,1,56,0,3,9,19,25,3
2966.07,0,48,0,2,1,2,3,82
5582.83,0,50,0,4,2,0,9,89
3858.11,0,11,0,5,2,4,13,73
39.48,0,43,0,3,1,3,6,17
8129.54,0,4,0,0,2,3,6,75
7533.64,0,42,0,0,2,4,5,25
3003.79,0,21,0,4,3,3,10,99
375.31,0,64,0,5,3,4,11,45
9818.43,0,48,0,5,2,2,3,34
3477.21,0,67,0,1,2,1,9,99
8714.73,0,21,0,1,1,2,10,57
3597.74,0,54,0,4,3,0,3,72
846.45,0,48,0,3,1,3,13,35
8104.01,0,67,0,1,2,5,13,66
1363.15,0,60,0,1,1,1,6,93
9895.0,0,68,0,3,3,1,4,32
4076.38,0,35,0,0,2,2,4,41
5460.88,0,12,0,2,2,0,1,68
7751.3,0,41,0,2,1,4,9,83
1141.83,0,43,0,0,2,1,4,18
9868.42,0,44,0,2,1,0,2,43
1737.21,0,54,0,4,3,1,6,96
2089.92,0,3,0,2,2,1,5,12
8270.4,0,66,0,2,1,5,15,65
9247.21,0,32,0,4,3,1,5,57
7155.22,0,43,0,4,1,1,10,68
72.96,0,32,0,5,2,1,1,27
9625.54,0,24,0,2,2,2,9,29
8696.5,1,28,1,0,3,11,20,5
2396.63,0,42,0,1,3,3,3,87
3374.37,0,21,0,2,1,2,2,75
9191.8,0,3,0,4,3,3,4,73
4431.15,0,32,0,3,2,4,6,41
7841.25,0,67,0,0,3,3,8,26
2780.85,0,64,0,1,1,0,4,72
8395.56,0,41,0,2,3,1,7,27
7093.04,1,61,1,3,4,8,10,0
9260.08,0,21,0,5,2,0,2,31
5075.08,0,32,0,0,2,3,10,21
5625.21,0,21,0,5,2,0,2,54
8548.49,0,21,0,5,2,5,6,73
4126.46,0,48,0,2,3,0,1,32
6981.28,0,24,0,4,2,3,12,62
1669.27,0,32,0,4,3,5,15,76
4662.03,0,60,0,5,1,4,10,100
8471.8,0,71,0,1,3,3,8,39
5206.16,0,24,0,2,1,5,6,19
3745.78,0,11,0,5,3,3,13,28
8335.85,0,4,0,5,2,5,12,72
6958.63,0,66,0,5,3,4,4,84
9789.45,0,46,0,4,1,1,5,40
8930.91,0,22,0,0,1,3,5,53
8841.1,0,50,0,1,1,1,3,94
1576.91,0,60,0,3,3,2,10,23
8477.21,0,68,0,2,1,0,7,70
9266.91,0,43,0,5,2,4,10,76
44.82,0,4,0,1,2,1,8,83
6733.59,0,11,0,4,1,1,1,39
4882.77,0,63,0,5,1,0,3,18
1446.76,0,46,0,0,2,5,10,31
5209.2,0,34,0,4,2,1,7,34
9523.82,0,12,0,5,2,1,7,41
6976.59,0,4,0,4,3,1,4,22
1795.62,0,53,0,4,1,4,11,16
3059.88,0,41,0,1,2,5,6,95
1481.91,0,44,0,1,1,5,13,23
1179.97,0,43,0,5,3,1,9,83
1862.63,0,23,0,2,2,3,10,59
9453.88,0,64,0,0,3,2,9,81
5767.74,0,21,0,1,3,5,11,36
6203.39,1,37,0,2,3,17,26,0
5015.53,0,50,0,0,2,2,11,93
2360.85,0,53,0,5,1,5,6,14
7624.96,0,34,0,4,2,4,7,30
7684.87,0,34,0,4,2,3,12,17
1876.2,0,12,0,3,1,1,9,39
3161.78,0,4,0,5,1,0,2,60
5048.23,0,63,0,2,2,3,12,13
9762.66,0,23,0,1,3,1,3,52
9458.1,1,47,0,2,6,20,24,0
752.21,0,35,0,2,3,0,9,25
2424.06,0,3,0,1,2,3,4,86
7048.44,0,22,0,3,2,0,10,37
3265.28,0,22,0,4,3,5,10,67
2505.49,0,48,0,0,2,0,8,19
9446.01,0,67,0,4,3,3,13,67
471.04,0,48,0,5,1,1,3,51
4886.25,0,3,0,3,2,2,6,21
5071.34,0,43,0,4,1,4,10,44
9018.44,0,46,0,4,2,1,1,76
9468.15,0,66,0,0,3,5,5,65
9562.59,0,63,0,1,2,2,3,65
4865.45,0,35,0,3,1,1,7,21
7512.99,0,60,0,3,3,0,8,97
3965.75,0,2,0,3,2,1,8,30
3282.83,0,32,0,0,3,3,8,37
4475.17,0,46,0,0,1,1,7,99
5110.2,0,4,0,0,1,2,9,93
3042.22,0,23,0,5,2,2,5,49
6111.07,0,32,0,3,1,5,11,35
3564.62,0,68,0,3,3,4,11,23
4790.39,0,12,0,3,3,5,6,79
2019.84,0,63,0,5,2,3,7,39
9796.6,0,2,0,4,2,5,14,13
8970.14,0,67,0,0,3,3,13,15
1384.96,0,43,0,1,2,3,13,72
3017.4,0,50,0,4,1,2,5,27
4227.86,0,44,0,3,2,1,1,12
3969.65,0,22,0,5,1,5,6,28
1260.09,1,15,0,1,1,5,12,5
9656.58,0,2,0,0,1,3,9,76
4541.79,0,24,0,5,3,3,8,52
70.96,1,57,1,0,10,9,13,8
4341.18,0,44,0,2,2,2,11,11
6238.5,0,2,0,2,2,2,7,12
5147.48,0,23,0,3,1,3,7,48
3428.55,0,23,0,3,1,1,9,34
1109.07,0,2,0,0,3,4,12,16
8805.53,0,32,0,1,3,2,8,72
8111.96,0,46,0,2,1,5,12,20
5090.45,0,23,0,1,3,4,10,81
2729.7,0,12,0,5,1,2,2,74
4684.21,0,68,0,2,2,1,9,40
1261.3,0,22,0,3,3,1,1,40
6875.46,0,21,0,2,3,3,8,10
2140.62,0,23,0,4,2,5,12,100
7680.67,0,54,0,3,1,1,9,49
9183.84,0,23,0,2,3,2,9,22
4068.4,0,54,0,2,1,4,8,28
6994.61,0,4,0,4,1,2,2,95
4209.18,0,43,0,2,1,3,10,30
443.58,0,35,0,2,3,0,2,59
7540.53,0,44,0,5,2,2,11,87
4595.7,0,35,0,5,2,0,6,21
7058.82,0,21,0,1,3,0,4,81
2878.69,0,53,0,3,1,3,4,26
6104.9,0,48,0,4,1,5,13,70
558.1,0,2,0,0,2,5,5,99
2157.64,0,35,0,5,2,3,13,12
4319.49,0,34,0,0,2,3,8,71
3764.12,0,54,0,2,3,1,2,34
5423.23,0,3,0,4,2,3,10,55
1523.83,0,53,0,5,3,4,10,13
431.78,1,62,0,0,7,20,20,4
9332.48,0,54,0,1,3,3,5,57
3193.88,0,71,0,2,1,3,13,54
9491.44,0,44,0,1,2,5,10,42
668.12,0,11,0,2,1,5,6,98
5408.3,1,30,1,1,3,16,20,8
2090.79,1,45,0,5,7,15,21,2
967.34,0,48,0,3,3,0,3,48
2287.33,0,35,0,5,3,5,11,57
8456.29,0,68,0,2,1,2,9,97
8107.94,0,44,0,2,1,3,3,35
7959.66,0,44,0,5,1,5,12,100
4862.0,0,34,0,4,3,3,11,35
5304.88,0,54,0,3,1,2,5,44
4368.21,0,46,0,1,3,2,6,87
7999.78,0,35,0,4,2,1,6,32
2971.81,0,12,0,2,1,4,13,16
2577.66,0,64,0,3,1,1,8,48
6722.6,0,68,0,0,2,5,9,32
7535.5,0,71,0,5,3,2,6,46
9681.6,0,35,0,2,3,1,6,16
9406.32,0,60,0,2,2,1,1,57
9939.89,0,23,0,2,3,4,4,92
6836.66,0,4,0,4,1,1,10,29
4068.74,0,22,0,2,2,1,7,47
5261.95,0,22,0,5,3,4,5,43
3242.8,0,35,0,0,2,1,3,23
6493.03,0,48,0,1,3,4,4,90
5895.53,0,21,0,0,2,3,3,44
7074.46,0,23,0,2,3,0,10,74
8460.49,0,43,0,2,3,2,3,64
2684.49,0,46,0,3,1,5,10,65
2844.82,0,46,0,1,1,1,6,38
1828.52,0,24,0,1,1,3,4,51
1791.23,0,23,0,0,2,1,10,65
526.75,1,55,0,1,2,20,23,6
6894.66,0,22,0,5,2,5,6,43
179.74,0,32,0,3,2,1,1,93
5847.78,0,12,0,5,2,3,9,81
34.64,0,71,0,3,2,0,7,33
2467.98,0,22,0,4,2,2,7,62
5128.96,0,64,0,3,2,5,9,17
469.45,0,21,0,1,2,2,10,68
3991.29,0,71,0,0,3,0,8,18
4103.41,0,46,0,2,2,5,8,88
1626.3,0,71,0,1,1,2,3,47
9278.49,0,35,0,3,1,5,8,27
8910.62,0,34,0,2,2,2,5,44
394.12,0,41,0,5,1,0,9,68
1294.11,0,35,0,1,1,1,2,55
1244.41,0,53,0,1,3,5,8,81
6039.62,0,12,0,0,2,2,8,32
9068.83,0,41,0,2,1,4,11,72
2589.55,0,46,0,3,1,4,13,52
6216.97,0,53,0,3,2,5,12,26
944.48,0,66,0,1,1,5,15,29
374.43,0,2,0,3,2,3,11,12
8302.85,0,50,0,2,1,2,7,34
3185.39,0,50,0,0,1,5,9,85
8940.8,0,4,0,5,2,0,0,77
119.82,0,53,0,0,3,5,12,91
6551.48,0,48,0,4,2,0,2,53
2442.46,1,69,1,3,9,11,20,7
3788.63,1,13,0,5,4,11,17,8
8873.39,0,12,0,4,3,0,8,78
7905.19,0,53,0,5,2,0,7,55
730.6,0,3,0,2,2,4,11,61
1446.37,0,35,0,1,2,0,7,92
6479.49,0,12,0,3,2,1,1,34
9725.16,0,23,0,4,2,1,7,27
2000.29,0,41,0,3,1,4,6,59
6722.97,0,11,0,2,3,5,5,89
9928.11,0,50,0,5,3,1,3,12
1794.48,0,2,0,1,3,5,5,36
7151.4,0,63,0,4,1,5,7,12
4119.99,0,3,0,0,3,5,5,96
9827.75,0,32,0,2,1,3,7,87
9476.8,0,2,0,3,3,2,6,25
7285.58,0,34,0,1,3,5,10,82
3792.13,0,12,0,4,2,1,10,31
768.3,1,29,0,3,7,5,12,6
6395.62,0,54,0,0,1,1,9,78
9703.11,0,68,0,0,3,5,6,68
7682.99,0,63,0,0,3,4,14,56
9989.14,0,71,0,0,1,3,8,72
7257.35,0,50,0,3,3,1,1,47
4815.29,0,34,0,4,2,3,7,59
5126.11,0,64,0,4,1,1,4,15
9903.11,0,23,0,4,3,2,4,63
95.34,0,68,0,2,2,3,4,58
1756.99,0,23,0,4,3,4,7,93
1223.95,1,27,0,3,8,16,25,5
2915.13,0,43,0,3,3,1,10,83
1869.99,0,24,0,2,2,2,12,12
3317.37,0,66,0,0,3,1,5,32
3379.25,0,71,0,3,1,0,5,51
2971.9,0,3,0,3,2,1,8,59
8590.31,0,32,0,3,3,4,14,97
4196.68,0,4,0,4,1,3,10,85
8880.07,0,60,0,5,1,3,3,45
5525.37,0,53,0,4,3,2,7,54
9620.16,0,68,0,1,2,0,7,45
8647.18,0,11,0,1,2,2,2,33
9564.75,0,64,0,3,1,0,1,96
7984.85,0,12,0,1,1,5,13,67
4062.69,0,68,0,0,2,1,7,90
6723.42,1,36,1,2,4,18,23,6
2788.75,0,68,0,5,2,1,6,88
5158.96,0,50,0,1,2,3,3,21
8761.6,0,42,0,1,3,1,4,64
5628.95,0,32,0,5,2,0,7,17
8126.7,0,63,0,2,1,0,3,21
8571.0,0,35,0,4,3,5,15,31
7268.91,0,2,0,3,1,0,1,52
1241.86,0,4,0,4,3,1,8,97
7763.92,0,66,0,2,3,4,5,27
6463.57,0,32,0,3,2,0,7,21
6713.97,0,50,0,2,2,3,5,62
9543.83,0,23,0,5,3,0,6,52
6592.01,0,23,0,0,1,0,5,70
8757.05,0,12,0,1,1,5,8,36
6138.08,0,67,0,4,3,1,9,15
2079.36,0,12,0,1,3,3,11,91
5296.71,0,48,0,5,1,5,15,58
5885.63,0,43,0,5,2,1,11,10
6715.43,0,68,0,2,1,1,2,50
8399.96,0,68,0,5,2,5,8,43
5232.25,0,71,0,5,1,2,10,54
3254.54,0,21,0,2,2,3,10,63
6669.89,0,12,0,3,3,4,12,72
1307.67,0,4,0,0,2,3,10,74
5926.08,0,44,0,3,1,3,6,78
9679.04,0,3,0,0,2,1,1,47
5857.73,0,53,0,1,2,3,4,98
2250.02,0,46,0,1,2,5,9,93
339.15,0,53,0,5,1,0,1,82
5669.58,0,46,0,5,1,2,12,62
7310.0,0,3,0,4,2,4,11,63
452.34,0,68,0,5,2,3,12,48
7087.64,0,23,0,4,2,4,13,84
592.03,1,38,0,5,2,19,20,8
7399.28,0,48,0,5,3,4,8,35
6673.07,0,42,0,5,2,4,11,57
6123.72,1,51,1,0,8,16,26,10
5935.71,0,23,0,4,1,2,2,55
9052.58,0,3,0,5,1,0,5,17
4699.17,0,12,0,5,1,4,9,67
7886.11,0,60,0,1,3,5,10,26
9252.14,0,63,0,0,1,0,1,78
1313.49,0,3,0,3,2,2,3,66
5236.83,0,68,0,1,1,2,8,25
8531.88,0,23,0,3,3,5,14,82
1966.3,0,4,0,1,3,0,0,59
36.88,0,64,0,1,1,1,3,90
9638.11,0,12,0,2,1,0,6,24
8838.61,0,4,0,1,2,1,10,82
4460.18,0,3,0,4,1,1,3,18
8324.56,0,71,0,4,1,0,0,36
5264.39,0,34,0,0,3,1,10,24
2188.54,0,35,0,4,1,3,9,91
8898.49,0,3,0,2,1,5,6,58
4027.59,0,11,0,2,1,1,2,22
2648.87,0,43,0,4,3,3,9,18
6139.91,0,48,0,1,2,4,4,79
5812.64,0,67,0,2,1,0,1,60
7202.09,0,48,0,2,2,5,5,90
4219.85,0,48,0,2,3,4,10,35
5316.39,0,34,0,2,2,1,4,61
1146.67,0,23,0,3,3,5,11,15
7730.54,0,24,0,1,2,2,9,43
3141.63,0,3,0,0,2,2,5,53
8783.25,0,35,0,5,1,3,9,73
7049.09,0,2,0,2,1,3,3,13
2383.57,0,46,0,3,1,3,7,23
728.07,0,35,0,0,2,5,15,23
9454.17,0,71,0,0,1,3,12,22
3241.6,0,64,0,5,1,0,10,71
5936.55,0,44,0,3,2,3,11,83
2884.66,0,32,0,1,1,2,9,11
9827.83,0,44,0,4,1,1,8,10
636.61,0,3,0,2,3,4,6,17
9781.14,0,2,0,0,3,1,6,32
811.75,0,68,0,5,2,0,1,98
148.19,0,24,0,5,2,1,2,32
5598.37,0,43,0,4,3,0,4,52
3174.56,0,67,0,1,2,4,7,19
6676.27,0,42,0,2,2,4,9,10
1589.75,0,50,0,5,2,4,6,52
5954.64,0,22,0,5,3,4,9,22
4392.42,0,68,0,5,3,3,3,41
9951.04,0,24,0,5,1,3,13,41
5481.34,0,4,0,0,1,1,2,28
9264.4,0,67,0,1,2,0,4,85
7341.8,0,50,0,0,3,5,10,63
4692.2,0,24,0,1,3,2,5,97
6559.39,0,11,0,4,3,4,9,31
2575.88,0,71,0,1,3,1,5,85
8754.32,0,67,0,3,3,2,8,16
8559.75,0,50,0,2,1,1,4,61
2621.5,0,60,0,2,1,3,3,69
9888.59,0,63,0,2,3,0,8,11
3181.27,0,24,0,4,1,4,6,57
7190.69,0,46,0,5,3,0,4,77
1013.7,0,50,0,4,3,5,8,78
9148.87,1,70,0,1,7,20,28,7
1088.53,0,21,0,1,2,4,14,78
6146.06,0,21,0,2,2,0,4,94
4159.25,0,21,0,5,3,2,5,81
5689.45,0,35,0,1,1,4,14,29
5417.56,0,35,0,1,1,0,2,64
6719.0,0,3,0,3,3,5,13,27
1188.11,0,21,0,0,2,2,8,42
7737.76,0,44,0,0,1,4,9,40
7404.94,0,4,0,0,2,4,10,92
2499.21,0,64,0,1,2,0,8,12
6300.6,0,63,0,5,1,4,5,47
9062.53,0,43,0,5,3,3,11,100
8174.96,0,50,0,5,3,2,9,42
3349.27,0,63,0,1,3,4,13,71
9389.03,0,3,0,1,3,4,10,30
8074.8,0,44,0,3,1,1,7,21
5242.65,0,43,0,4,2,2,12,51
3186.48,0,4,0,4,3,1,1,69
903.11,0,24,0,0,3,5,10,95
9674.32,0,42,0,0,3,1,1,24
2968.89,0,63,0,4,2,5,10,59
330.31,0,21,0,5,3,5,13,14
4070.44,0,24,0,0,2,5,11,38
4195.24,0,41,0,4,1,3,11,69
4405.82,0,44,0,5,1,3,13,17
3677.28,0,11,0,1,1,1,1,91
7448.21,0,53,0,5,1,3,4,61
2279.29,0,34,0,4,2,2,3,23
8661.38,0,67,0,5,2,3,5,64
2368.23,0,35,0,5,1,0,8,37
6735.88,0,63,0,0,2,5,10,27
2842.9,0,32,0,2,1,0,3,61
1623.02,0,3,0,3,3,4,8,47
1010.19,0,66,0,4,2,0,7,64
8874.05,0,46,0,0,3,3,7,71
2858.19,0,44,0,2,2,5,11,70
3661.76,0,71,0,4,2,1,1,11
7446.2,1,9,1,4,6,5,10,10
5705.87,0,68,0,1,2,1,2,67
6866.56,0,66,0,2,2,4,9,68
6678.45,0,41,0,3,2,0,9,26
1560.19,0,50,0,4,3,0,0,91
4575.03,0,50,0,3,3,3,10,86
6625.62,0,44,0,0,3,4,8,26
9782.48,0,12,0,2,2,5,15,15
5600.57,0,11,0,0,1,5,12,30
6193.35,0,12,0,3,2,2,10,99
46.63,0,50,0,1,2,0,7,98
126.92,0,64,0,1,2,1,9,82
8643.41,0,11,0,1,2,4,7,72
5146.84,0,68,0,5,3,5,12,48
4155.22,0,71,0,5,2,4,9,75
934.52,0,50,0,2,3,0,3,68
9458.45,0,23,0,2,3,1,9,19
9766.32,0,44,0,2,2,0,9,24
2747.32,0,41,0,1,2,3,12,13
169.18,0,12,0,1,2,3,3,49
7034.96,0,21,0,4,1,5,5,40
7798.28,0,67,0,1,1,4,9,27
8808.13,0,44,0,4,2,0,10,81
5550.45,0,46,0,5,1,1,3,28
4368.64,0,54,0,5,2,2,9,60
6144.16,0,68,0,1,2,4,6,21
9179.33,0,71,0,3,1,5,15,93
899.48,0,35,0,0,2,1,8,23
577.07,0,22,0,3,3,4,11,81
4604.98,0,11,0,1,3,5,10,35
3519.98,0,54,0,4,1,0,2,99
82.11,0,42,0,4,1,4,5,87
6327.01,0,4,0,2,2,1,2,54
928.28,0,2,0,4,3,1,1,18
754.09,0,54,0,0,3,1,1,71
4239.12,0,50,0,0,3,0,8,37
4753.79,1,18,1,4,3,7,7,4
8359.08,0,44,0,0,3,1,9,87
56.09,0,54,0,4,3,0,6,42
9829.38,0,44,0,3,3,2,5,56
3518.32,0,53,0,1,3,0,2,45
5656.83,0,4,0,3,2,4,4,76
7394.73,0,48,0,1,3,1,7,88
8087.19,0,46,0,4,2,3,5,15
627.57,0,24,0,5,1,0,9,35
9077.1,0,42,0,5,1,3,11,29
674.91,0,12,0,2,3,1,1,16
4191.76,0,60,0,5,2,2,6,33
4531.13,0,67,0,4,2,2,10,71
885.69,0,54,0,5,3,0,4,39
4275.03,0,46,0,5,3,2,12,28
6465.94,0,67,0,0,3,2,11,66
6586.47,0,22,0,0,3,2,9,20
1730.07,0,68,0,1,2,5,14,99
7618.65,0,54,0,1,2,5,8,40
1079.41,0,66,0,5,2,2,3,80
2094.37,0,43,0,5,2,1,4,38
6311.69,0,68,0,5,2,4,4,18
2344.53,0,22,0,0,3,2,3,87
7256.54,0,32,0,3,2,2,12,33
2018.06,0,32,0,4,3,0,7,81
3436.69,0,68,0,0,2,5,9,75
9078.97,0,22,0,3,3,3,3,55
9096.34,0,42,0,3,2,5,9,29
2943.69,0,11,0,0,1,4,12,73
2797.57,0,35,0,1,3,5,11,79
1432.04,0,35,0,1,2,0,0,86
9296.08,0,48,0,3,2,1,1,78
9788.3,0,66,0,5,3,3,5,46
6837.79,0,42,0,1,3,5,14,95
7956.86,0,24,0,1,3,5,10,94
2509.11,0,21,0,1,1,0,2,18
3724.08,0,12,0,5,1,1,8,67
6496.49,1,6,1,1,2,11,18,2
5425.46,0,53,0,0,2,4,6,15
8344.27,0,32,0,5,2,1,6,72
4786.17,0,32,0,1,3,3,13,89
6888.74,0,54,0,0,3,4,4,31
1706.99,1,20,1,0,1,13,18,3
6231.43,0,4,0,1,2,5,8,100
911.48,0,50,0,3,1,2,6,31
840.03,0,44,0,2,3,4,6,68
4340.82,0,68,0,2,2,3,4,16
1145.76,0,23,0,2,3,0,3,38
6187.99,0,11,0,1,1,4,12,65
3755.59,0,23,0,1,2,4,13,63
5040.68,0,43,0,2,2,3,10,14
446.97,0,48,0,1,2,0,9,40
311.58,0,66,0,1,1,4,8,28
8609.4,0,71,0,3,3,4,13,33
9536.92,0,32,0,5,3,1,10,39
9754.22,0,43,0,1,1,2,4,49
534.93,0,35,0,5,1,4,6,38
5376.87,1,30,0,2,3,15,24,8
9210.29,0,48,0,4,3,1,4,20
1558.7,0,24,0,1,3,1,9,80
8871.79,0,50,0,1,1,2,10,36
1987.03,0,42,0,1,3,2,3,24
1707.44,0,63,0,0,1,5,15,11
1068.92,0,66,0,3,2,0,9,54
8835.28,0,11,0,5,3,5,15,44
384.45,0,68,0,2,3,2,5,22
5621.53,0,63,0,0,1,3,7,72
8751.41,0,53,0,2,3,5,14,12
5943.45,0,12,0,0,1,5,8,41
4808.05,0,4,0,5,2,4,9,95
7569.79,0,35,0,1,2,4,7,93
5495.56,0,46,0,5,2,0,9,74
5659.21,0,34,0,5,1,1,3,42
9413.23,0,66,0,4,1,4,12,94
6112.13,0,24,0,2,1,4,13,83
2692.87,1,14,0,1,8,8,18,5
3974.47,0,2,0,2,3,0,2,56
9977.94,0,32,0,1,1,2,5,17
2847.3,0,60,0,0,3,1,1,68
5363.49,0,66,0,2,2,4,5,36
1477.75,0,48,0,2,2,2,7,98
7098.16,0,21,0,0,2,5,8,82
897.39,0,66,0,1,1,0,2,26
2624.87,0,21,0,0,1,0,10,28
402.55,1,17,1,2,10,19,28,5
1755.67,0,3,0,3,1,2,2,67
302.19,0,4,0,1,2,1,4,93
1604.15,0,3,0,5,3,3,7,42
2919.39,0,53,0,4,1,3,3,84
6856.01,0,3,0,1,1,4,5,38
194.73,0,4,0,2,3,0,9,88
1790.53,0,34,0,1,2,0,7,81
2404.71,0,48,0,1,2,4,6,45
4571.04,0,3,0,5,3,1,7,59
8695.0,0,60,0,5,2,1,2,11
4519.04,0,12,0,1,3,1,5,97
6935.07,0,64,0,0,3,2,4,31
8187.46,0,41,0,3,3,3,13,79
987.38,0,66,0,5,2,3,13,85
8604.7,0,64,0,3,3,5,6,17
3247.1,0,63,0,2,2,1,8,71
5867.98,0,50,0,4,3,1,7,24
878.57,0,66,0,4,2,5,7,38
8180.85,0,54,0,3,3,0,7,68
2881.84,0,2,0,1,1,3,10,56
4609.59,0,44,0,3,1,3,6,74
869.36,0,35,0,5,2,5,5,48
1776.36,0,63,0,4,2,5,6,47
9697.02,0,21,0,5,2,3,6,88
8472.8,0,60,0,4,3,5,8,89
883.82,0,32,0,5,3,5,8,83
6743.99,0,53,0,5,3,4,12,65
7681.74,0,42,0,1,1,2,9,55
6704.94,1,27,1,5,4,17,22,3
3224.0,0,11,0,2,1,0,2,71
6039.46,0,12,0,3,1,2,6,50
62.53,0,63,0,4,1,0,6,12
3593.02,0,68,0,3,3,0,4,43
6305.4,0,67,0,5,2,1,1,60
3376.99,0,24,0,3,1,5,5,93
7933.96,0,34,0,0,1,3,5,61
7885.98,0,42,0,0,1,3,3,34
7215.08,0,2,0,1,1,5,9,75
6786.31,0,53,0,4,2,4,8,92
2211.1,0,35,0,5,1,2,11,13
850.35,0,32,0,5,3,4,8,34
602.17,0,21,0,0,3,3,13,35
9213.49,0,2,0,4,3,1,10,18
2915.22,0,21,0,0,1,4,10,24
9909.73,0,34,0,2,1,1,10,14
3480.42,0,43,0,3,3,2,9,18
6552.2,0,44,0,0,1,0,6,35
1235.51,0,46,0,1,3,2,3,75
3722.36,0,41,0,4,2,0,2,96
3369.81,0,44,0,3,1,3,12,55
1890.23,0,66,0,3,2,4,6,91
1820.85,0,67,0,2,2,4,14,25
9557.53,0,23,0,4,2,4,10,26
5282.18,0,44,0,0,1,4,6,84
8484.04,0,23,0,0,2,1,4,43
3027.71,0,46,0,5,3,0,8,82
5604.85,0,66,0,1,1,0,10,54
1313.47,0,66,0,5,3,2,3,89
1352.67,0,68,0,2,3,4,5,67
9444.68,0,12,0,2,1,2,3,58
9234.6,0,44,0,0,1,3,3,44
5234.05,0,2,0,0,3,1,3,91
466.04,0,12,0,4,1,4,9,79
1089.75,0,42,0,1,1,2,7,33
7830.27,0,21,0,3,1,1,7,86
8402.57,0,46,0,2,3,2,8,84
3157.4,0,46,0,3,3,3,7,96
5234.24,0,42,0,0,2,1,11,92
6906.1,0,67,0,5,3,0,8,33
6015.21,0,48,0,3,1,2,12,28
6914.62,0,68,0,0,1,2,7,89
5734.02,0,21,0,4,2,4,11,26
5052.78,0,4,0,4,1,4,5,91
9518.06,0,12,0,4,2,1,5,93
4736.53,0,71,0,3,2,0,9,97
8963.65,0,21,0,5,2,4,11,17
8156.74,0,71,0,0,3,1,8,13
499.53,0,22,0,3,2,5,8,55
1629.25,0,54,0,5,2,0,3,27
921.31,0,22,0,5,3,3,6,46
3928.89,0,34,0,5,1,3,11,12
2896.58,0,48,0,4,3,0,1,17
5629.29,0,67,0,0,1,5,13,38
2513.0,0,53,0,1,1,0,5,47
6371.95,0,24,0,5,1,5,15,28
9269.48,0,32,0,1,3,1,11,42
8894.71,0,50,0,5,2,2,9,67
8920.91,0,24,0,0,1,4,6,46
1865.22,0,48,0,4,3,5,5,43
4650.84,0,66,0,1,1,5,15,19
5890.66,0,43,0,0,2,0,10,88
4306.5,1,19,0,4,6,13,19,10
4125.69,0,34,0,3,1,5,7,31
7958.37,0,64,0,2,2,5,14,98
6183.04,0,22,0,1,3,2,8,87
3565.89,0,50,0,1,2,3,3,49
9425.6,0,21,0,5,1,0,2,26
1896.81,1,33,1,2,9,18,20,5
6588.06,0,3,0,1,3,4,7,53
7097.69,0,66,0,1,3,1,3,93
5125.53,0,67,0,5,1,5,8,96
6525.24,0,11,0,5,2,1,11,27
7290.26,0,22,0,2,3,1,9,58
6724.28,0,4,0,3,3,4,13,53
5491.67,0,12,0,2,2,0,0,88
3935.59,0,68,0,3,1,2,9,63
1975.47,0,41,0,4,3,2,10,40
793.14,0,42,0,0,1,5,8,13
1578.93,0,11,0,3,2,1,2,55
1948.45,0,44,0,3,2,2,4,74
